{
    "loss": 0.24004514515399933,
    "accuracy": 0.952144578313253
}